{
    "hypervolume": {
        "original": 1.9844966770373435e+36,
        "improved": 4.7249920881833194e+36,
        "improvement": 138.09523809519618
    },
    "spacing": {
        "original": 0.0025813338772984733,
        "improved": 0.002150132153069671,
        "improvement": 16.704608730432106
    },
    "execution_time": {
        "original": 111.04699611663818,
        "improved": 138.20037126541138,
        "change": 24.452147377541532
    }
}